LoanID,CustomerID,OfficerID,LoanAmount,InterestRate,LoanType,DisbursementDate,LoanTermMonths,Status,CustomerName,Gender,Age,Location,IncomeLevel,Occupation,OfficerName,AmountPaid,DueAmount,DelayDays,PaymentDate
1,153,6,92243,16,Personal,2024-07-27,6,Closed,Customer_153,Female,59,Rural,Low,Farmer,Officer_6,41700.0,42723.0,20.0,2024-04-03
2,183,1,41067,12,Business,2023-09-20,6,Active,Customer_183,Female,46,Rural,High,Shopkeeper,Officer_1,48484.0,52108.0,35.0,2024-09-18
3,156,8,77391,14,Agriculture,2023-02-15,12,Active,Customer_156,Male,22,Urban,High,Tailor,Officer_8,26818.0,23034.0,35.0,2023-06-06
4,195,9,173446,12,Business,2024-03-17,12,Default,Customer_195,Female,49,Rural,Low,Teacher,Officer_9,25558.0,27153.0,90.0,2024-10-02
5,162,9,66850,14,Personal,2023-11-02,6,Default,Customer_162,Female,37,Urban,High,Farmer,Officer_9,64119.0,72529.0,60.0,2024-11-23
6,109,7,40410,12,Education,2024-03-25,12,Active,Customer_109,Male,55,Rural,High,Tailor,Officer_7,42792.0,28644.0,90.0,2024-07-04
7,103,3,180610,12,Business,2023-07-09,12,Active,Customer_103,Female,26,Rural,Low,Teacher,Officer_3,17627.0,5920.0,5.0,2023-09-19
8,177,7,74310,12,Education,2023-03-10,24,Active,Customer_177,Male,46,Rural,Low,Tailor,Officer_7,72396.0,59008.0,60.0,2024-11-24
9,69,6,141437,16,Personal,2024-01-24,18,Closed,Customer_69,Male,39,Urban,High,Farmer,Officer_6,38145.0,26815.0,90.0,2024-01-10
10,125,2,34270,18,Education,2023-07-23,12,Active,Customer_125,Male,21,Rural,Medium,Driver,Officer_2,8754.0,12268.0,60.0,2024-02-17
11,66,1,123871,12,Business,2024-01-01,6,Active,Customer_66,Female,48,Rural,Medium,Teacher,Officer_1,25950.0,11134.0,10.0,2024-07-30
12,63,5,23999,16,Business,2023-12-20,6,Closed,Customer_63,Female,46,Rural,Medium,Driver,Officer_5,16501.0,18601.0,0.0,2024-05-26
13,165,5,16593,16,Agriculture,2023-09-25,18,Closed,Customer_165,Female,44,Urban,High,Shopkeeper,Officer_5,15553.0,7240.0,60.0,2023-05-23
14,57,2,192864,12,Business,2023-03-18,6,Active,Customer_57,Male,25,Rural,Low,Farmer,Officer_2,32722.0,45305.0,90.0,2024-03-08
15,101,4,129120,14,Personal,2024-02-27,6,Closed,Customer_101,Female,25,Urban,High,Teacher,Officer_4,24482.0,30594.0,90.0,2024-11-25
16,174,9,47932,12,Business,2023-06-15,6,Active,Customer_174,Female,60,Urban,High,Driver,Officer_9,43222.0,23002.0,60.0,2024-07-01
17,76,5,126023,12,Agriculture,2024-01-01,18,Active,Customer_76,Male,58,Urban,Medium,Driver,Officer_5,59990.0,59392.0,90.0,2024-05-21
18,176,5,134749,18,Business,2024-06-27,18,Active,Customer_176,Female,58,Rural,Low,Shopkeeper,Officer_5,14956.0,17363.0,90.0,2023-12-26
19,65,2,182533,14,Agriculture,2023-06-02,12,Closed,Customer_65,Male,31,Rural,Medium,Driver,Officer_2,38406.0,39607.0,20.0,2024-09-16
20,185,6,55455,18,Business,2023-10-26,12,Closed,Customer_185,Female,24,Urban,High,Shopkeeper,Officer_6,46262.0,70698.0,60.0,2024-04-23
21,4,4,107540,16,Business,2023-08-04,12,Closed,Customer_4,Male,23,Urban,High,Shopkeeper,Officer_4,39655.0,40683.0,35.0,2024-09-29
22,178,1,137955,16,Education,2024-05-31,24,Closed,Customer_178,Female,41,Rural,Medium,Shopkeeper,Officer_1,46981.0,30749.0,90.0,2024-10-14
23,173,8,147247,16,Agriculture,2024-02-16,18,Active,Customer_173,Female,29,Urban,Low,Shopkeeper,Officer_8,72445.0,55920.0,20.0,2024-07-08
24,102,6,187022,12,Personal,2024-08-19,6,Closed,Customer_102,Male,37,Rural,Medium,Teacher,Officer_6,26026.0,14623.0,60.0,2024-10-13
25,20,8,37720,12,Business,2024-01-03,6,Closed,Customer_20,Male,41,Urban,High,Farmer,Officer_8,4255.0,33768.0,35.0,2023-09-17
26,174,10,165947,18,Business,2023-08-30,24,Closed,Customer_174,Female,60,Urban,High,Driver,Officer_10,66478.0,47284.0,35.0,2024-09-12
27,196,2,70241,16,Agriculture,2023-06-18,12,Active,Customer_196,Male,22,Urban,Low,Teacher,Officer_2,35992.0,55391.0,90.0,2024-10-08
28,55,3,190503,16,Education,2024-03-16,12,Active,Customer_55,Male,38,Rural,High,Teacher,Officer_3,14504.0,21972.0,90.0,2024-06-02
29,26,4,198018,16,Personal,2023-03-04,24,Default,Customer_26,Female,45,Rural,Medium,Driver,Officer_4,19545.0,24032.0,20.0,2023-11-04
30,46,6,96052,14,Personal,2024-02-15,12,Active,Customer_46,Female,34,Rural,Low,Driver,Officer_6,11995.0,34699.0,20.0,2024-01-05
31,118,10,186628,16,Agriculture,2024-05-24,6,Active,Customer_118,Male,40,Rural,Medium,Shopkeeper,Officer_10,60008.0,50053.0,10.0,2024-04-18
32,80,4,35425,14,Business,2023-06-04,12,Active,Customer_80,Male,29,Urban,Low,Tailor,Officer_4,,,,
33,103,2,154215,18,Education,2024-04-11,18,Closed,Customer_103,Female,26,Rural,Low,Teacher,Officer_2,13743.0,48673.0,35.0,2023-06-27
34,54,4,161802,16,Personal,2024-02-12,6,Active,Customer_54,Male,21,Rural,High,Tailor,Officer_4,,,,
35,29,10,34794,14,Personal,2024-04-13,6,Active,Customer_29,Female,21,Urban,High,Tailor,Officer_10,52491.0,46122.0,90.0,2024-11-23
36,73,2,166012,12,Education,2023-03-26,24,Active,Customer_73,Male,57,Urban,Low,Shopkeeper,Officer_2,62851.0,64778.0,90.0,2024-11-21
37,38,7,10390,16,Agriculture,2023-05-06,6,Active,Customer_38,Male,58,Urban,Medium,Teacher,Officer_7,23870.0,31084.0,5.0,2024-08-12
38,115,8,135104,18,Education,2024-05-10,18,Active,Customer_115,Male,32,Urban,High,Tailor,Officer_8,22860.0,18997.0,35.0,2024-01-03
39,47,9,39486,14,Business,2023-01-07,24,Closed,Customer_47,Male,41,Urban,Medium,Driver,Officer_9,40182.0,31413.0,60.0,2024-11-25
40,100,5,44576,14,Business,2024-07-15,6,Active,Customer_100,Female,38,Rural,Low,Teacher,Officer_5,36045.0,39463.0,0.0,2023-08-18
41,79,7,42941,16,Agriculture,2023-06-07,18,Closed,Customer_79,Female,40,Rural,Medium,Teacher,Officer_7,18530.0,1730.0,10.0,2024-05-08
42,176,6,155430,12,Agriculture,2024-04-11,12,Closed,Customer_176,Female,58,Rural,Low,Shopkeeper,Officer_6,54377.0,72129.0,90.0,2024-08-29
43,189,8,124905,16,Personal,2023-06-28,12,Active,Customer_189,Male,45,Rural,High,Tailor,Officer_8,56571.0,33680.0,90.0,2024-10-27
44,92,1,51823,16,Business,2024-01-21,18,Closed,Customer_92,Male,44,Urban,High,Driver,Officer_1,31074.0,27334.0,90.0,2024-04-14
45,106,1,43785,16,Education,2024-06-07,6,Default,Customer_106,Male,23,Urban,Medium,Driver,Officer_1,28626.0,19681.0,10.0,2023-09-27
46,100,7,68794,12,Personal,2023-03-11,6,Closed,Customer_100,Female,38,Rural,Low,Teacher,Officer_7,47122.0,29748.0,90.0,2024-06-29
47,128,9,173434,18,Education,2023-10-10,24,Closed,Customer_128,Male,35,Urban,Medium,Shopkeeper,Officer_9,19133.0,31142.0,35.0,2024-01-03
48,142,7,56892,12,Agriculture,2024-07-03,6,Active,Customer_142,Female,21,Rural,High,Tailor,Officer_7,105868.0,68772.0,60.0,2024-09-09
49,146,3,192334,14,Business,2023-03-10,18,Default,Customer_146,Male,57,Rural,High,Tailor,Officer_3,26287.0,44509.0,90.0,2024-10-14
50,95,1,175064,12,Agriculture,2023-03-12,24,Closed,Customer_95,Male,35,Rural,Low,Teacher,Officer_1,35500.0,20543.0,20.0,2024-05-26
51,91,6,197813,16,Education,2023-03-25,6,Active,Customer_91,Male,52,Rural,Low,Teacher,Officer_6,33505.0,37007.0,35.0,2023-11-10
52,61,9,171469,14,Education,2024-05-01,18,Default,Customer_61,Male,52,Rural,Medium,Tailor,Officer_9,58644.0,34414.0,20.0,2024-08-17
53,67,6,92605,16,Education,2023-10-29,12,Active,Customer_67,Male,32,Rural,Medium,Tailor,Officer_6,65911.0,45298.0,90.0,2024-10-05
54,99,6,18602,12,Personal,2024-07-28,18,Closed,Customer_99,Male,44,Urban,Medium,Shopkeeper,Officer_6,37850.0,12782.0,20.0,2024-05-10
55,126,5,128568,16,Education,2023-11-25,24,Closed,Customer_126,Female,23,Urban,Medium,Farmer,Officer_5,26036.0,33458.0,0.0,2023-11-29
56,27,4,94296,12,Personal,2023-08-31,18,Closed,Customer_27,Female,41,Rural,Low,Teacher,Officer_4,76514.0,62841.0,20.0,2024-10-16
57,121,7,190361,14,Personal,2023-10-05,6,Closed,Customer_121,Male,44,Rural,Medium,Driver,Officer_7,10785.0,7559.0,60.0,2023-11-20
58,125,3,142521,16,Business,2024-01-08,6,Active,Customer_125,Male,21,Rural,Medium,Driver,Officer_3,73782.0,50606.0,60.0,2024-11-11
59,70,9,90815,14,Agriculture,2023-02-01,24,Closed,Customer_70,Female,59,Urban,Low,Tailor,Officer_9,29368.0,38507.0,10.0,2023-11-02
60,115,8,165041,16,Education,2023-05-03,6,Active,Customer_115,Male,32,Urban,High,Tailor,Officer_8,13546.0,6446.0,0.0,2023-05-31
61,3,2,131059,16,Business,2024-02-12,18,Default,Customer_3,Male,56,Urban,Medium,Farmer,Officer_2,17509.0,11094.0,5.0,2024-10-17
62,155,8,166695,14,Personal,2023-02-26,18,Active,Customer_155,Male,60,Urban,Medium,Driver,Officer_8,69242.0,48603.0,60.0,2024-11-03
63,131,6,23325,12,Personal,2024-03-17,12,Closed,Customer_131,Male,27,Rural,Low,Farmer,Officer_6,35865.0,49160.0,60.0,2024-02-24
64,63,6,191564,18,Business,2023-11-02,18,Default,Customer_63,Female,46,Rural,Medium,Driver,Officer_6,50774.0,82075.0,90.0,2024-11-28
65,70,6,54287,12,Education,2023-09-05,18,Active,Customer_70,Female,59,Urban,Low,Tailor,Officer_6,44531.0,42069.0,20.0,2024-09-21
66,113,2,31968,12,Agriculture,2024-02-03,24,Active,Customer_113,Female,20,Urban,Medium,Farmer,Officer_2,20133.0,38164.0,10.0,2024-07-05
67,98,6,113410,16,Personal,2023-07-12,6,Active,Customer_98,Male,25,Rural,High,Farmer,Officer_6,11206.0,3298.0,10.0,2024-06-16
68,111,9,65601,18,Personal,2023-05-26,12,Active,Customer_111,Male,52,Urban,Medium,Driver,Officer_9,11725.0,22213.0,5.0,2024-01-18
69,171,1,48005,12,Personal,2023-06-15,18,Active,Customer_171,Male,40,Rural,Medium,Teacher,Officer_1,12896.0,27833.0,60.0,2023-11-22
70,4,1,199367,18,Agriculture,2024-07-19,6,Closed,Customer_4,Male,23,Urban,High,Shopkeeper,Officer_1,41491.0,27446.0,60.0,2024-10-28
71,93,7,137490,12,Education,2024-06-04,12,Active,Customer_93,Female,59,Rural,Low,Tailor,Officer_7,34160.0,18390.0,5.0,2024-04-12
72,4,3,171946,18,Personal,2023-05-06,6,Closed,Customer_4,Male,23,Urban,High,Shopkeeper,Officer_3,8496.0,26089.0,35.0,2024-10-13
73,186,3,49157,12,Agriculture,2023-03-29,6,Default,Customer_186,Male,52,Rural,High,Teacher,Officer_3,31159.0,40557.0,90.0,2024-04-23
74,39,7,131859,18,Business,2024-05-15,6,Closed,Customer_39,Female,35,Urban,Low,Farmer,Officer_7,54117.0,62999.0,60.0,2024-11-06
75,127,1,176764,12,Agriculture,2023-02-06,24,Closed,Customer_127,Male,43,Urban,High,Teacher,Officer_1,41912.0,35693.0,90.0,2024-09-04
76,194,6,118945,12,Education,2024-06-01,12,Closed,Customer_194,Female,48,Rural,High,Driver,Officer_6,18202.0,15562.0,20.0,2024-06-04
77,132,1,181400,18,Business,2023-01-24,18,Closed,Customer_132,Female,50,Rural,Medium,Teacher,Officer_1,28255.0,41391.0,90.0,2024-09-15
78,79,3,199115,14,Personal,2024-07-24,18,Active,Customer_79,Female,40,Rural,Medium,Teacher,Officer_3,38226.0,42106.0,90.0,2024-08-17
79,100,1,182226,14,Education,2024-06-06,18,Active,Customer_100,Female,38,Rural,Low,Teacher,Officer_1,34959.0,50962.0,60.0,2024-09-13
80,137,2,20763,12,Business,2023-09-05,12,Active,Customer_137,Male,58,Urban,Medium,Teacher,Officer_2,48451.0,38442.0,60.0,2024-09-20
81,87,6,68399,18,Education,2024-07-27,18,Closed,Customer_87,Male,21,Rural,Medium,Tailor,Officer_6,96316.0,69276.0,90.0,2024-07-03
82,173,6,35917,14,Business,2024-08-14,18,Active,Customer_173,Female,29,Urban,Low,Shopkeeper,Officer_6,72921.0,57499.0,60.0,2024-10-18
83,185,1,120753,12,Agriculture,2023-08-05,12,Active,Customer_185,Female,24,Urban,High,Shopkeeper,Officer_1,25420.0,30815.0,90.0,2024-04-01
84,117,6,124453,18,Education,2024-08-14,18,Active,Customer_117,Female,48,Rural,High,Teacher,Officer_6,19639.0,8355.0,90.0,2024-03-25
85,103,4,12821,14,Business,2023-02-04,18,Default,Customer_103,Female,26,Rural,Low,Teacher,Officer_4,40014.0,24417.0,90.0,2024-03-14
86,192,6,135344,18,Education,2023-09-03,18,Closed,Customer_192,Male,60,Rural,Low,Tailor,Officer_6,103919.0,65067.0,90.0,2024-04-05
87,190,7,127564,18,Agriculture,2023-08-06,24,Closed,Customer_190,Male,60,Urban,Low,Teacher,Officer_7,54309.0,47846.0,90.0,2024-10-13
88,47,10,25418,14,Education,2024-05-12,6,Active,Customer_47,Male,41,Urban,Medium,Driver,Officer_10,36429.0,33137.0,90.0,2024-11-19
89,126,10,186211,18,Personal,2023-12-24,18,Active,Customer_126,Female,23,Urban,Medium,Farmer,Officer_10,26156.0,29988.0,10.0,2023-10-03
90,51,1,100246,14,Business,2024-06-21,18,Active,Customer_51,Female,21,Urban,High,Tailor,Officer_1,6878.0,9006.0,0.0,2024-10-15
91,174,3,163378,12,Education,2023-12-05,12,Active,Customer_174,Female,60,Urban,High,Driver,Officer_3,47260.0,41265.0,60.0,2024-11-23
92,193,9,125169,14,Business,2024-05-09,12,Active,Customer_193,Female,58,Urban,High,Driver,Officer_9,24976.0,58192.0,60.0,2024-11-23
93,144,10,195762,12,Education,2023-02-06,24,Default,Customer_144,Female,56,Urban,High,Tailor,Officer_10,30970.0,37823.0,90.0,2024-11-24
94,183,4,32356,14,Business,2023-06-01,24,Closed,Customer_183,Female,46,Rural,High,Shopkeeper,Officer_4,59831.0,65785.0,90.0,2024-10-03
95,84,3,118874,14,Business,2024-03-24,12,Active,Customer_84,Male,48,Urban,Low,Tailor,Officer_3,85122.0,91009.0,60.0,2024-10-21
96,147,4,83083,14,Education,2023-08-27,18,Closed,Customer_147,Female,60,Rural,Medium,Shopkeeper,Officer_4,41205.0,76325.0,60.0,2024-02-16
97,4,6,35916,14,Agriculture,2023-03-01,18,Active,Customer_4,Male,23,Urban,High,Shopkeeper,Officer_6,31081.0,24484.0,35.0,2024-08-11
98,6,1,171892,12,Business,2024-07-05,18,Active,Customer_6,Male,46,Rural,Medium,Shopkeeper,Officer_1,79297.0,76493.0,90.0,2024-10-25
99,175,6,172494,14,Agriculture,2023-07-16,24,Active,Customer_175,Male,55,Urban,High,Driver,Officer_6,26179.0,22641.0,20.0,2024-04-14
100,33,3,98647,16,Business,2023-03-03,24,Active,Customer_33,Female,55,Rural,High,Teacher,Officer_3,58209.0,77092.0,60.0,2024-03-28
101,123,1,118045,12,Personal,2023-07-31,12,Closed,Customer_123,Male,57,Rural,Low,Shopkeeper,Officer_1,93469.0,84332.0,60.0,2023-12-25
102,37,6,83338,18,Agriculture,2024-01-30,24,Default,Customer_37,Female,51,Rural,Low,Driver,Officer_6,27454.0,23396.0,60.0,2023-12-08
103,153,6,151233,18,Agriculture,2023-01-28,12,Closed,Customer_153,Female,59,Rural,Low,Farmer,Officer_6,40469.0,83518.0,20.0,2024-09-18
104,24,4,90932,16,Education,2023-04-03,12,Closed,Customer_24,Male,45,Rural,Medium,Driver,Officer_4,50698.0,82936.0,90.0,2024-09-13
105,131,5,109693,12,Education,2024-03-05,6,Active,Customer_131,Male,27,Rural,Low,Farmer,Officer_5,125666.0,115832.0,90.0,2024-11-08
106,62,1,45969,18,Personal,2024-03-06,24,Active,Customer_62,Female,50,Rural,Low,Teacher,Officer_1,26937.0,68537.0,60.0,2024-08-13
107,65,7,178532,18,Personal,2024-02-13,6,Closed,Customer_65,Male,31,Rural,Medium,Driver,Officer_7,70339.0,68626.0,90.0,2024-07-22
108,24,1,84954,14,Personal,2024-03-13,12,Closed,Customer_24,Male,45,Rural,Medium,Driver,Officer_1,50414.0,43497.0,35.0,2024-03-07
109,69,5,94922,12,Education,2024-05-10,18,Active,Customer_69,Male,39,Urban,High,Farmer,Officer_5,13106.0,27908.0,20.0,2023-10-07
110,48,7,162577,16,Personal,2023-10-27,12,Default,Customer_48,Female,59,Rural,Low,Farmer,Officer_7,31371.0,17170.0,10.0,2024-01-17
111,96,6,104230,16,Personal,2024-03-03,6,Default,Customer_96,Female,36,Rural,High,Farmer,Officer_6,,,,
112,8,10,105934,12,Personal,2024-05-13,24,Active,Customer_8,Male,53,Urban,Low,Shopkeeper,Officer_10,37886.0,37534.0,60.0,2024-11-07
113,114,1,89363,14,Business,2023-09-06,6,Active,Customer_114,Male,23,Rural,Low,Shopkeeper,Officer_1,24686.0,32721.0,35.0,2024-01-16
114,138,5,177030,16,Agriculture,2024-06-05,12,Active,Customer_138,Female,31,Urban,Medium,Teacher,Officer_5,39894.0,29248.0,35.0,2024-10-25
115,111,5,149938,16,Education,2023-10-02,18,Closed,Customer_111,Male,52,Urban,Medium,Driver,Officer_5,28960.0,32329.0,20.0,2024-09-26
116,182,8,136793,12,Agriculture,2024-05-23,18,Active,Customer_182,Female,37,Rural,Low,Teacher,Officer_8,27159.0,38969.0,60.0,2024-06-19
117,51,9,198057,16,Education,2023-01-24,12,Closed,Customer_51,Female,21,Urban,High,Tailor,Officer_9,14118.0,18767.0,60.0,2024-05-22
118,84,1,74958,18,Agriculture,2023-04-08,18,Active,Customer_84,Male,48,Urban,Low,Tailor,Officer_1,38043.0,21315.0,60.0,2024-08-05
119,139,9,41576,14,Agriculture,2023-08-02,24,Active,Customer_139,Female,29,Urban,Medium,Farmer,Officer_9,33156.0,37371.0,90.0,2024-10-25
120,54,3,76539,12,Education,2023-04-24,18,Active,Customer_54,Male,21,Rural,High,Tailor,Officer_3,48904.0,68056.0,35.0,2023-12-26
121,121,7,92921,14,Education,2023-04-16,12,Closed,Customer_121,Male,44,Rural,Medium,Driver,Officer_7,60029.0,76090.0,60.0,2024-07-12
122,61,6,114520,14,Education,2024-07-04,12,Closed,Customer_61,Male,52,Rural,Medium,Tailor,Officer_6,16280.0,18507.0,0.0,2024-08-23
123,18,7,119227,12,Business,2023-03-28,12,Closed,Customer_18,Male,20,Rural,High,Farmer,Officer_7,37897.0,45502.0,35.0,2024-01-17
124,92,7,12765,16,Personal,2023-02-14,12,Active,Customer_92,Male,44,Urban,High,Driver,Officer_7,,,,
125,80,3,181516,14,Personal,2023-04-02,18,Default,Customer_80,Male,29,Urban,Low,Tailor,Officer_3,44044.0,40733.0,20.0,2024-04-26
126,185,1,133519,18,Business,2023-08-04,18,Active,Customer_185,Female,24,Urban,High,Shopkeeper,Officer_1,36846.0,27700.0,35.0,2024-11-27
127,160,4,143439,14,Personal,2023-06-12,18,Active,Customer_160,Female,49,Urban,Medium,Farmer,Officer_4,17001.0,11887.0,10.0,2024-05-18
128,145,5,182676,18,Agriculture,2024-07-23,12,Active,Customer_145,Female,37,Urban,Low,Shopkeeper,Officer_5,48626.0,25846.0,35.0,2023-11-25
129,99,2,83950,18,Personal,2023-10-16,18,Active,Customer_99,Male,44,Urban,Medium,Shopkeeper,Officer_2,91239.0,126463.0,90.0,2024-10-18
130,100,6,79351,14,Agriculture,2024-04-04,12,Default,Customer_100,Female,38,Rural,Low,Teacher,Officer_6,40429.0,34266.0,90.0,2024-02-11
131,128,6,41761,18,Education,2024-08-11,6,Active,Customer_128,Male,35,Urban,Medium,Shopkeeper,Officer_6,56053.0,53161.0,60.0,2024-06-23
132,114,6,120670,16,Personal,2023-12-19,12,Active,Customer_114,Male,23,Rural,Low,Shopkeeper,Officer_6,44607.0,54828.0,90.0,2024-10-03
133,21,8,104041,12,Personal,2023-07-30,6,Active,Customer_21,Female,48,Rural,High,Farmer,Officer_8,82724.0,85883.0,90.0,2024-08-10
134,9,5,17890,16,Business,2024-08-10,6,Closed,Customer_9,Male,40,Urban,High,Farmer,Officer_5,53356.0,42122.0,20.0,2024-06-10
135,4,5,171428,14,Education,2023-04-11,12,Active,Customer_4,Male,23,Urban,High,Shopkeeper,Officer_5,45031.0,26460.0,90.0,2024-09-24
136,88,1,61761,14,Business,2023-11-28,24,Active,Customer_88,Female,56,Rural,Medium,Tailor,Officer_1,,,,
137,138,4,152821,16,Business,2024-06-06,6,Closed,Customer_138,Female,31,Urban,Medium,Teacher,Officer_4,,,,
138,197,7,120230,14,Agriculture,2024-03-25,18,Closed,Customer_197,Female,37,Rural,Medium,Shopkeeper,Officer_7,28491.0,15502.0,35.0,2024-09-08
139,42,3,131264,14,Personal,2023-04-18,18,Default,Customer_42,Female,41,Urban,High,Driver,Officer_3,29435.0,58292.0,90.0,2024-05-23
140,15,2,133220,14,Agriculture,2024-07-09,6,Active,Customer_15,Female,53,Urban,Low,Shopkeeper,Officer_2,25743.0,26131.0,60.0,2024-11-10
141,42,9,92772,12,Education,2023-04-12,18,Closed,Customer_42,Female,41,Urban,High,Driver,Officer_9,35803.0,37583.0,90.0,2024-06-18
142,125,4,137544,12,Education,2024-07-03,6,Default,Customer_125,Male,21,Rural,Medium,Driver,Officer_4,44529.0,27948.0,60.0,2024-10-13
143,155,7,81757,18,Agriculture,2024-01-20,12,Active,Customer_155,Male,60,Urban,Medium,Driver,Officer_7,54012.0,60862.0,90.0,2024-09-06
144,119,6,182266,14,Personal,2024-08-23,18,Closed,Customer_119,Male,46,Rural,Medium,Tailor,Officer_6,10093.0,32307.0,35.0,2023-01-18
145,169,9,188364,12,Agriculture,2023-01-26,24,Active,Customer_169,Male,38,Rural,High,Tailor,Officer_9,33220.0,32375.0,90.0,2023-11-09
146,54,7,66448,12,Education,2024-03-26,12,Closed,Customer_54,Male,21,Rural,High,Tailor,Officer_7,84460.0,55829.0,60.0,2024-10-06
147,189,6,141139,12,Business,2024-05-24,24,Closed,Customer_189,Male,45,Rural,High,Tailor,Officer_6,55708.0,34857.0,60.0,2024-10-21
148,33,10,167404,14,Agriculture,2024-05-15,6,Active,Customer_33,Female,55,Rural,High,Teacher,Officer_10,,,,
149,51,4,120045,12,Personal,2023-03-28,24,Closed,Customer_51,Female,21,Urban,High,Tailor,Officer_4,58646.0,45117.0,90.0,2024-08-28
150,86,4,84642,16,Personal,2024-08-22,18,Closed,Customer_86,Female,24,Urban,Medium,Tailor,Officer_4,54004.0,44834.0,90.0,2024-10-24
151,28,5,30091,18,Personal,2023-05-30,12,Closed,Customer_28,Female,38,Urban,High,Teacher,Officer_5,36674.0,41873.0,90.0,2024-07-09
152,104,1,10269,14,Agriculture,2023-12-11,24,Active,Customer_104,Female,41,Urban,Medium,Driver,Officer_1,28947.0,28870.0,20.0,2024-09-26
153,109,6,88475,16,Agriculture,2023-07-06,6,Closed,Customer_109,Male,55,Rural,High,Tailor,Officer_6,82996.0,78710.0,90.0,2024-05-12
154,42,3,26446,14,Personal,2023-02-21,18,Active,Customer_42,Female,41,Urban,High,Driver,Officer_3,24093.0,38970.0,10.0,2024-07-29
155,37,9,114243,18,Personal,2024-05-09,24,Active,Customer_37,Female,51,Rural,Low,Driver,Officer_9,28612.0,12923.0,90.0,2024-07-29
156,124,6,175108,18,Personal,2023-01-26,12,Active,Customer_124,Female,46,Rural,Medium,Farmer,Officer_6,7731.0,5964.0,35.0,2024-07-28
157,21,5,79661,14,Personal,2023-03-28,18,Active,Customer_21,Female,48,Rural,High,Farmer,Officer_5,24662.0,24697.0,90.0,2024-01-28
158,32,4,164762,12,Business,2023-09-10,6,Active,Customer_32,Male,36,Urban,High,Driver,Officer_4,37429.0,58973.0,90.0,2024-11-01
159,142,2,69094,12,Agriculture,2023-08-07,12,Active,Customer_142,Female,21,Rural,High,Tailor,Officer_2,55523.0,35436.0,35.0,2024-11-18
160,102,10,31263,12,Business,2023-08-04,24,Active,Customer_102,Male,37,Rural,Medium,Teacher,Officer_10,13905.0,14479.0,60.0,2024-01-19
161,139,3,25405,18,Personal,2023-01-16,24,Active,Customer_139,Female,29,Urban,Medium,Farmer,Officer_3,5440.0,8379.0,0.0,2023-09-30
162,60,4,129577,16,Agriculture,2023-05-23,6,Default,Customer_60,Male,28,Urban,Low,Driver,Officer_4,9558.0,1891.0,60.0,2023-03-07
163,90,7,192839,18,Education,2024-03-15,12,Active,Customer_90,Male,33,Urban,High,Teacher,Officer_7,53727.0,81688.0,90.0,2024-07-15
164,143,5,107250,12,Education,2023-11-10,12,Active,Customer_143,Male,23,Rural,Low,Tailor,Officer_5,48977.0,39687.0,90.0,2024-04-21
165,10,4,58188,18,Business,2024-04-06,6,Active,Customer_10,Male,42,Rural,High,Teacher,Officer_4,59363.0,57724.0,35.0,2024-08-17
166,120,7,43984,16,Education,2023-05-16,24,Closed,Customer_120,Male,54,Rural,High,Tailor,Officer_7,41542.0,43607.0,35.0,2024-07-01
167,143,7,14408,18,Business,2023-03-13,18,Active,Customer_143,Male,23,Rural,Low,Tailor,Officer_7,,,,
168,92,7,107625,16,Agriculture,2023-05-02,12,Active,Customer_92,Male,44,Urban,High,Driver,Officer_7,43664.0,62362.0,60.0,2024-08-19
169,63,2,119047,14,Personal,2023-02-06,12,Closed,Customer_63,Female,46,Rural,Medium,Driver,Officer_2,37434.0,31908.0,90.0,2024-01-25
170,173,9,86331,16,Education,2023-03-15,12,Default,Customer_173,Female,29,Urban,Low,Shopkeeper,Officer_9,21432.0,57553.0,60.0,2023-12-21
171,181,9,120182,18,Agriculture,2023-12-08,18,Active,Customer_181,Female,57,Rural,Medium,Farmer,Officer_9,46390.0,78845.0,60.0,2024-08-17
172,85,2,59002,18,Personal,2023-06-11,24,Active,Customer_85,Female,33,Urban,Low,Farmer,Officer_2,14226.0,15593.0,90.0,2024-03-05
173,178,10,10579,14,Agriculture,2024-08-17,12,Closed,Customer_178,Female,41,Rural,Medium,Shopkeeper,Officer_10,38553.0,31581.0,90.0,2024-11-10
174,65,1,57060,14,Business,2023-01-29,18,Active,Customer_65,Male,31,Rural,Medium,Driver,Officer_1,18928.0,32947.0,60.0,2024-05-10
175,79,5,142704,12,Personal,2023-05-02,12,Closed,Customer_79,Female,40,Rural,Medium,Teacher,Officer_5,25776.0,8577.0,60.0,2023-07-10
176,25,7,59211,14,Business,2023-07-31,24,Active,Customer_25,Male,43,Rural,High,Shopkeeper,Officer_7,80718.0,82586.0,35.0,2024-11-04
177,82,2,127577,12,Education,2024-02-12,6,Active,Customer_82,Male,46,Rural,Low,Farmer,Officer_2,6964.0,7743.0,5.0,2024-11-13
178,190,2,15914,12,Business,2023-07-10,6,Active,Customer_190,Male,60,Urban,Low,Teacher,Officer_2,49352.0,17884.0,0.0,2024-09-18
179,77,3,59705,12,Education,2024-06-13,6,Closed,Customer_77,Female,22,Rural,High,Driver,Officer_3,35870.0,16587.0,90.0,2023-08-19
180,156,10,67227,12,Education,2023-10-25,18,Closed,Customer_156,Male,22,Urban,High,Tailor,Officer_10,28633.0,38880.0,60.0,2024-08-28
181,43,9,43329,18,Education,2023-01-15,18,Closed,Customer_43,Female,60,Rural,Medium,Farmer,Officer_9,12755.0,20804.0,20.0,2024-05-06
182,163,8,183392,12,Education,2024-03-23,18,Active,Customer_163,Male,46,Rural,Low,Tailor,Officer_8,26055.0,30691.0,20.0,2024-03-19
183,182,7,113051,16,Education,2023-12-31,12,Closed,Customer_182,Female,37,Rural,Low,Teacher,Officer_7,87749.0,78753.0,20.0,2024-11-21
184,172,9,173613,18,Personal,2023-11-18,6,Active,Customer_172,Female,58,Rural,High,Driver,Officer_9,52334.0,83932.0,90.0,2024-11-18
185,153,1,30784,18,Personal,2024-04-14,18,Active,Customer_153,Female,59,Rural,Low,Farmer,Officer_1,80923.0,55068.0,35.0,2024-10-30
186,163,5,97672,16,Personal,2024-03-27,6,Closed,Customer_163,Male,46,Rural,Low,Tailor,Officer_5,70580.0,67152.0,60.0,2024-08-12
187,68,7,95912,16,Personal,2023-03-11,18,Active,Customer_68,Male,59,Urban,Medium,Shopkeeper,Officer_7,40335.0,47668.0,35.0,2024-08-03
188,30,1,12824,12,Business,2024-01-09,18,Active,Customer_30,Female,39,Urban,High,Shopkeeper,Officer_1,41936.0,30048.0,90.0,2023-06-24
189,71,2,11924,18,Business,2023-03-28,24,Closed,Customer_71,Female,21,Urban,Medium,Shopkeeper,Officer_2,13993.0,4670.0,5.0,2024-09-14
190,34,7,84015,14,Personal,2023-12-14,6,Active,Customer_34,Male,49,Rural,Low,Teacher,Officer_7,62540.0,57354.0,60.0,2024-10-03
191,40,3,98916,16,Agriculture,2024-03-23,6,Default,Customer_40,Male,23,Urban,High,Farmer,Officer_3,12010.0,18741.0,60.0,2024-01-06
192,32,10,117876,16,Personal,2023-11-08,24,Active,Customer_32,Male,36,Urban,High,Driver,Officer_10,30431.0,13092.0,90.0,2024-05-26
193,93,1,26862,18,Business,2023-11-21,18,Active,Customer_93,Female,59,Rural,Low,Tailor,Officer_1,52608.0,49483.0,60.0,2024-11-23
194,98,6,193029,12,Business,2023-07-01,18,Active,Customer_98,Male,25,Rural,High,Farmer,Officer_6,51532.0,41288.0,35.0,2024-06-27
195,45,2,39637,16,Agriculture,2023-09-14,6,Active,Customer_45,Male,25,Rural,High,Driver,Officer_2,20474.0,11184.0,0.0,2024-07-23
196,102,9,134139,12,Business,2023-11-03,6,Active,Customer_102,Male,37,Rural,Medium,Teacher,Officer_9,8573.0,2431.0,0.0,2024-04-21
197,154,5,99184,16,Personal,2024-07-22,24,Active,Customer_154,Male,41,Urban,Low,Farmer,Officer_5,39961.0,40644.0,20.0,2024-10-10
198,13,6,148273,14,Agriculture,2023-11-01,6,Active,Customer_13,Male,20,Rural,Medium,Teacher,Officer_6,18006.0,19710.0,90.0,2024-08-06
199,197,1,196452,16,Education,2023-04-08,12,Closed,Customer_197,Female,37,Rural,Medium,Shopkeeper,Officer_1,74467.0,72298.0,90.0,2024-06-06
200,94,7,78177,16,Personal,2023-03-27,6,Active,Customer_94,Female,33,Urban,Medium,Shopkeeper,Officer_7,9887.0,16638.0,20.0,2023-08-08
201,41,1,167893,14,Business,2024-03-17,18,Closed,Customer_41,Male,58,Urban,Low,Teacher,Officer_1,97853.0,119589.0,90.0,2024-11-15
202,62,6,62841,16,Personal,2023-08-29,18,Active,Customer_62,Female,50,Rural,Low,Teacher,Officer_6,81176.0,52240.0,60.0,2024-11-30
203,117,3,57009,14,Personal,2023-08-08,12,Active,Customer_117,Female,48,Rural,High,Teacher,Officer_3,32978.0,30230.0,60.0,2024-11-20
204,166,1,146149,16,Personal,2024-03-23,6,Active,Customer_166,Female,28,Rural,Low,Farmer,Officer_1,58490.0,31669.0,20.0,2024-06-12
205,96,2,116324,14,Education,2024-05-22,24,Active,Customer_96,Female,36,Rural,High,Farmer,Officer_2,22238.0,59441.0,90.0,2024-02-02
206,169,1,44572,16,Education,2023-01-10,24,Closed,Customer_169,Male,38,Rural,High,Tailor,Officer_1,19860.0,36125.0,5.0,2024-08-17
207,124,9,14003,14,Business,2024-05-18,24,Active,Customer_124,Female,46,Rural,Medium,Farmer,Officer_9,22944.0,19643.0,35.0,2024-01-14
208,166,5,99775,14,Education,2023-09-10,18,Active,Customer_166,Female,28,Rural,Low,Farmer,Officer_5,28815.0,66754.0,90.0,2023-06-14
209,160,1,99477,18,Agriculture,2023-06-28,12,Active,Customer_160,Female,49,Urban,Medium,Farmer,Officer_1,84653.0,89407.0,60.0,2024-10-23
210,126,4,72874,18,Agriculture,2023-01-21,12,Active,Customer_126,Female,23,Urban,Medium,Farmer,Officer_4,34592.0,29462.0,35.0,2024-09-27
211,14,10,48907,16,Agriculture,2023-03-17,12,Active,Customer_14,Male,45,Rural,Low,Shopkeeper,Officer_10,40378.0,46664.0,35.0,2024-11-11
212,131,9,52626,18,Agriculture,2024-06-20,24,Active,Customer_131,Male,27,Rural,Low,Farmer,Officer_9,66487.0,23404.0,90.0,2024-04-18
213,49,4,99790,16,Personal,2024-03-09,6,Active,Customer_49,Female,25,Urban,High,Farmer,Officer_4,22455.0,44076.0,10.0,2024-07-14
214,96,6,115260,16,Personal,2024-03-24,24,Active,Customer_96,Female,36,Rural,High,Farmer,Officer_6,16829.0,5023.0,0.0,2024-10-03
215,50,1,164355,18,Education,2023-04-29,6,Closed,Customer_50,Female,47,Rural,Medium,Driver,Officer_1,31628.0,54951.0,90.0,2024-04-09
216,74,3,78173,16,Business,2024-01-17,24,Active,Customer_74,Male,22,Rural,High,Teacher,Officer_3,47684.0,43301.0,60.0,2023-10-20
217,98,8,112702,16,Education,2024-05-11,6,Active,Customer_98,Male,25,Rural,High,Farmer,Officer_8,7326.0,16453.0,0.0,2023-05-25
218,186,4,192482,16,Education,2023-09-05,24,Active,Customer_186,Male,52,Rural,High,Teacher,Officer_4,87501.0,90792.0,35.0,2024-08-17
219,188,10,165399,16,Education,2023-12-05,24,Active,Customer_188,Female,41,Rural,Low,Teacher,Officer_10,38522.0,69667.0,90.0,2024-10-16
220,81,7,172088,12,Education,2023-06-10,6,Closed,Customer_81,Male,60,Urban,Low,Tailor,Officer_7,8038.0,34655.0,0.0,2024-06-11
221,192,8,169365,16,Business,2024-04-22,24,Closed,Customer_192,Male,60,Rural,Low,Tailor,Officer_8,98786.0,93666.0,60.0,2024-07-10
222,120,3,68397,14,Agriculture,2023-07-14,18,Active,Customer_120,Male,54,Rural,High,Tailor,Officer_3,51644.0,50529.0,35.0,2024-08-30
223,34,8,21581,12,Education,2024-02-12,24,Default,Customer_34,Male,49,Rural,Low,Teacher,Officer_8,65284.0,94466.0,90.0,2024-11-26
224,75,10,102922,14,Business,2024-03-17,24,Active,Customer_75,Female,53,Rural,High,Driver,Officer_10,12572.0,2900.0,90.0,2023-09-21
225,143,4,45281,18,Education,2023-03-22,6,Active,Customer_143,Male,23,Rural,Low,Tailor,Officer_4,36528.0,46749.0,35.0,2024-10-12
226,42,1,35162,14,Business,2024-05-08,18,Active,Customer_42,Female,41,Urban,High,Driver,Officer_1,67266.0,45573.0,35.0,2024-08-08
227,133,4,166151,14,Personal,2024-06-01,18,Active,Customer_133,Female,30,Urban,Low,Tailor,Officer_4,42646.0,21287.0,35.0,2024-03-15
228,112,3,135416,18,Personal,2023-08-13,24,Closed,Customer_112,Female,23,Rural,Medium,Tailor,Officer_3,81942.0,98792.0,90.0,2024-04-13
229,189,8,172404,14,Business,2024-08-01,6,Active,Customer_189,Male,45,Rural,High,Tailor,Officer_8,49396.0,22846.0,90.0,2024-11-26
230,167,9,103679,12,Education,2024-08-10,18,Closed,Customer_167,Male,46,Rural,Medium,Driver,Officer_9,38025.0,21990.0,90.0,2024-06-04
231,186,4,124865,12,Business,2023-06-18,12,Default,Customer_186,Male,52,Rural,High,Teacher,Officer_4,23457.0,30098.0,35.0,2024-02-17
232,58,4,132227,16,Agriculture,2024-08-01,12,Active,Customer_58,Male,57,Urban,High,Tailor,Officer_4,35403.0,38625.0,60.0,2024-11-22
233,145,8,194573,16,Personal,2024-01-06,6,Active,Customer_145,Female,37,Urban,Low,Shopkeeper,Officer_8,14813.0,27665.0,20.0,2024-06-12
234,197,7,195459,18,Business,2023-07-11,24,Closed,Customer_197,Female,37,Rural,Medium,Shopkeeper,Officer_7,38222.0,24572.0,90.0,2024-11-20
235,177,7,180235,16,Agriculture,2024-04-02,6,Default,Customer_177,Male,46,Rural,Low,Tailor,Officer_7,32444.0,40195.0,10.0,2024-04-21
236,71,5,60865,18,Personal,2023-09-23,18,Active,Customer_71,Female,21,Urban,Medium,Shopkeeper,Officer_5,14510.0,19125.0,10.0,2024-01-02
237,142,3,144989,14,Agriculture,2023-01-18,24,Active,Customer_142,Female,21,Rural,High,Tailor,Officer_3,39313.0,21291.0,90.0,2024-08-11
238,104,5,107524,12,Education,2023-04-24,6,Active,Customer_104,Female,41,Urban,Medium,Driver,Officer_5,8257.0,15279.0,10.0,2023-01-22
239,149,6,43193,16,Personal,2023-11-15,6,Closed,Customer_149,Female,60,Rural,Low,Driver,Officer_6,68614.0,72032.0,60.0,2024-10-29
240,190,1,115858,18,Business,2023-02-18,6,Active,Customer_190,Male,60,Urban,Low,Teacher,Officer_1,28300.0,39368.0,35.0,2024-10-15
241,183,8,52702,14,Personal,2023-07-23,6,Closed,Customer_183,Female,46,Rural,High,Shopkeeper,Officer_8,,,,
242,55,4,18449,18,Personal,2024-02-01,12,Default,Customer_55,Male,38,Rural,High,Teacher,Officer_4,,,,
243,121,4,193205,16,Personal,2023-09-05,12,Active,Customer_121,Male,44,Rural,Medium,Driver,Officer_4,32116.0,48706.0,35.0,2024-07-14
244,80,5,55529,12,Education,2023-06-09,24,Active,Customer_80,Male,29,Urban,Low,Tailor,Officer_5,61820.0,60352.0,20.0,2024-11-18
245,161,2,94815,16,Education,2024-01-10,12,Closed,Customer_161,Male,40,Rural,High,Shopkeeper,Officer_2,31804.0,56880.0,60.0,2024-08-31
246,47,8,100562,16,Education,2024-02-01,24,Closed,Customer_47,Male,41,Urban,Medium,Driver,Officer_8,37325.0,36362.0,35.0,2024-04-24
247,14,4,162366,14,Personal,2023-10-26,18,Default,Customer_14,Male,45,Rural,Low,Shopkeeper,Officer_4,43569.0,76609.0,10.0,2024-11-01
248,99,9,118143,14,Business,2024-08-19,6,Closed,Customer_99,Male,44,Urban,Medium,Shopkeeper,Officer_9,80951.0,74163.0,90.0,2024-11-18
249,199,5,97487,16,Business,2023-05-30,6,Active,Customer_199,Female,34,Rural,Medium,Tailor,Officer_5,8768.0,11575.0,10.0,2023-05-20
250,56,2,107648,14,Education,2023-09-13,6,Active,Customer_56,Male,26,Rural,High,Shopkeeper,Officer_2,24554.0,27494.0,5.0,2023-04-11
251,153,10,189933,16,Personal,2023-09-29,12,Active,Customer_153,Female,59,Rural,Low,Farmer,Officer_10,77317.0,67647.0,90.0,2024-08-20
252,55,4,190350,12,Personal,2023-10-18,18,Closed,Customer_55,Male,38,Rural,High,Teacher,Officer_4,55779.0,78232.0,90.0,2024-10-19
253,87,9,28305,14,Education,2023-05-08,24,Default,Customer_87,Male,21,Rural,Medium,Tailor,Officer_9,24421.0,9600.0,0.0,2024-10-23
254,16,2,26955,14,Education,2023-05-07,6,Active,Customer_16,Male,48,Urban,Medium,Tailor,Officer_2,17622.0,5430.0,0.0,2023-01-01
255,143,1,120126,14,Education,2023-01-05,12,Active,Customer_143,Male,23,Rural,Low,Tailor,Officer_1,65421.0,58894.0,90.0,2024-11-25
256,106,8,119075,14,Agriculture,2023-07-09,12,Closed,Customer_106,Male,23,Urban,Medium,Driver,Officer_8,29546.0,22428.0,90.0,2023-05-03
257,114,8,136793,18,Agriculture,2023-06-23,18,Closed,Customer_114,Male,23,Rural,Low,Shopkeeper,Officer_8,68859.0,19999.0,90.0,2024-10-15
258,25,6,78064,18,Business,2023-03-05,6,Closed,Customer_25,Male,43,Rural,High,Shopkeeper,Officer_6,17630.0,48505.0,60.0,2024-04-09
259,6,4,12484,16,Business,2023-02-05,12,Active,Customer_6,Male,46,Rural,Medium,Shopkeeper,Officer_4,13216.0,11265.0,10.0,2023-08-30
260,113,1,83946,12,Personal,2023-06-05,6,Active,Customer_113,Female,20,Urban,Medium,Farmer,Officer_1,34371.0,16447.0,90.0,2023-12-24
261,190,5,109220,14,Personal,2023-11-24,18,Active,Customer_190,Male,60,Urban,Low,Teacher,Officer_5,31281.0,23421.0,35.0,2024-04-03
262,146,2,87546,14,Business,2024-04-15,6,Active,Customer_146,Male,57,Rural,High,Tailor,Officer_2,52895.0,42425.0,35.0,2024-11-12
263,51,9,82565,16,Business,2024-07-30,18,Active,Customer_51,Female,21,Urban,High,Tailor,Officer_9,7259.0,10729.0,5.0,2023-05-11
264,128,9,169696,16,Agriculture,2023-01-14,6,Closed,Customer_128,Male,35,Urban,Medium,Shopkeeper,Officer_9,37812.0,61206.0,90.0,2024-10-19
265,64,9,156112,14,Personal,2023-08-04,12,Default,Customer_64,Female,35,Rural,Medium,Driver,Officer_9,86746.0,77110.0,90.0,2024-11-29
266,18,6,11709,14,Education,2023-08-25,12,Active,Customer_18,Male,20,Rural,High,Farmer,Officer_6,19671.0,36350.0,35.0,2024-09-11
267,19,4,92874,18,Education,2023-12-05,12,Closed,Customer_19,Male,26,Rural,High,Driver,Officer_4,61189.0,44264.0,90.0,2024-06-07
268,121,3,86801,18,Business,2024-01-27,18,Active,Customer_121,Male,44,Rural,Medium,Driver,Officer_3,24117.0,34830.0,90.0,2023-09-26
269,161,4,135731,18,Agriculture,2024-01-28,18,Closed,Customer_161,Male,40,Rural,High,Shopkeeper,Officer_4,22551.0,14528.0,90.0,2023-06-03
270,130,3,54927,14,Personal,2024-02-06,6,Closed,Customer_130,Female,22,Urban,High,Tailor,Officer_3,13072.0,11508.0,5.0,2023-08-21
271,92,1,182802,18,Education,2024-01-01,18,Active,Customer_92,Male,44,Urban,High,Driver,Officer_1,,,,
272,66,9,175250,14,Personal,2023-08-21,24,Active,Customer_66,Female,48,Rural,Medium,Teacher,Officer_9,14328.0,7552.0,5.0,2023-01-23
273,98,7,51566,14,Agriculture,2023-06-11,6,Active,Customer_98,Male,25,Rural,High,Farmer,Officer_7,7960.0,19926.0,90.0,2024-11-03
274,10,6,189215,18,Business,2023-08-06,12,Closed,Customer_10,Male,42,Rural,High,Teacher,Officer_6,39759.0,61563.0,90.0,2024-10-04
275,117,5,98623,18,Education,2023-01-30,24,Closed,Customer_117,Female,48,Rural,High,Teacher,Officer_5,28462.0,14879.0,35.0,2024-06-08
276,115,7,76413,12,Agriculture,2023-07-21,6,Active,Customer_115,Male,32,Urban,High,Tailor,Officer_7,117516.0,58622.0,60.0,2024-10-02
277,81,1,105589,12,Agriculture,2023-02-11,12,Active,Customer_81,Male,60,Urban,Low,Tailor,Officer_1,19987.0,47199.0,90.0,2024-05-25
278,153,10,16322,18,Personal,2023-06-11,24,Active,Customer_153,Female,59,Rural,Low,Farmer,Officer_10,62522.0,46918.0,10.0,2024-09-12
279,74,10,127949,18,Agriculture,2023-04-09,6,Active,Customer_74,Male,22,Rural,High,Teacher,Officer_10,60388.0,51753.0,20.0,2024-11-06
280,169,8,42325,14,Business,2023-12-24,24,Active,Customer_169,Male,38,Rural,High,Tailor,Officer_8,74885.0,72266.0,60.0,2024-09-24
281,151,6,75975,18,Personal,2023-10-09,24,Active,Customer_151,Female,45,Rural,Low,Driver,Officer_6,23235.0,51591.0,35.0,2024-07-05
282,99,5,139430,12,Personal,2023-11-24,6,Active,Customer_99,Male,44,Urban,Medium,Shopkeeper,Officer_5,37552.0,45876.0,60.0,2024-06-10
283,107,6,163015,18,Education,2023-09-11,18,Default,Customer_107,Female,38,Rural,Low,Teacher,Officer_6,32156.0,16785.0,0.0,2024-05-10
284,66,8,189391,12,Agriculture,2023-11-10,12,Closed,Customer_66,Female,48,Rural,Medium,Teacher,Officer_8,16171.0,38288.0,90.0,2024-06-10
285,122,1,18944,12,Agriculture,2023-06-06,18,Closed,Customer_122,Male,28,Rural,High,Shopkeeper,Officer_1,59255.0,49458.0,35.0,2024-06-25
286,13,4,95980,12,Business,2024-03-12,6,Active,Customer_13,Male,20,Rural,Medium,Teacher,Officer_4,41661.0,22097.0,60.0,2023-06-08
287,142,4,163639,14,Personal,2023-08-02,6,Active,Customer_142,Female,21,Rural,High,Tailor,Officer_4,64768.0,80857.0,35.0,2024-11-17
288,30,4,72180,14,Education,2024-01-13,6,Active,Customer_30,Female,39,Urban,High,Shopkeeper,Officer_4,19328.0,30236.0,90.0,2023-10-17
289,188,8,127772,18,Agriculture,2023-12-11,6,Default,Customer_188,Female,41,Rural,Low,Teacher,Officer_8,39414.0,50278.0,60.0,2024-07-29
290,117,3,67780,12,Agriculture,2023-06-01,24,Active,Customer_117,Female,48,Rural,High,Teacher,Officer_3,49194.0,52677.0,90.0,2024-08-27
291,149,4,90163,18,Agriculture,2023-10-31,12,Active,Customer_149,Female,60,Rural,Low,Driver,Officer_4,50679.0,12519.0,60.0,2024-07-01
292,148,7,174882,14,Personal,2024-03-06,24,Active,Customer_148,Female,57,Urban,Low,Farmer,Officer_7,81123.0,77933.0,90.0,2024-11-09
293,157,6,171406,14,Agriculture,2023-10-27,6,Active,Customer_157,Female,58,Urban,High,Tailor,Officer_6,47308.0,47561.0,10.0,2024-10-19
294,56,3,138808,16,Education,2024-05-24,12,Active,Customer_56,Male,26,Rural,High,Shopkeeper,Officer_3,12237.0,16159.0,0.0,2023-06-04
295,64,5,146124,14,Personal,2024-08-13,18,Closed,Customer_64,Female,35,Rural,Medium,Driver,Officer_5,55313.0,36237.0,35.0,2024-07-21
296,39,5,176533,12,Personal,2023-08-28,12,Active,Customer_39,Female,35,Urban,Low,Farmer,Officer_5,8980.0,11485.0,20.0,2024-09-18
297,117,5,29173,12,Personal,2023-05-28,18,Closed,Customer_117,Female,48,Rural,High,Teacher,Officer_5,84643.0,82191.0,90.0,2024-05-09
298,181,8,57192,12,Agriculture,2024-05-29,24,Active,Customer_181,Female,57,Rural,Medium,Farmer,Officer_8,2242.0,6929.0,0.0,2023-07-04
299,66,6,42947,18,Agriculture,2023-06-20,12,Active,Customer_66,Female,48,Rural,Medium,Teacher,Officer_6,74558.0,65559.0,60.0,2024-10-21
300,158,1,81022,14,Personal,2024-06-02,6,Closed,Customer_158,Male,40,Rural,Medium,Farmer,Officer_1,63620.0,68234.0,90.0,2024-05-21
301,191,5,77674,18,Education,2024-06-23,24,Active,Customer_191,Female,28,Urban,High,Teacher,Officer_5,51231.0,45367.0,90.0,2023-09-22
302,30,1,49528,12,Education,2024-05-05,24,Closed,Customer_30,Female,39,Urban,High,Shopkeeper,Officer_1,81445.0,64036.0,60.0,2024-07-05
303,192,7,58682,14,Agriculture,2024-08-02,24,Active,Customer_192,Male,60,Rural,Low,Tailor,Officer_7,49282.0,35760.0,10.0,2024-10-26
304,8,4,35289,18,Personal,2024-03-03,18,Active,Customer_8,Male,53,Urban,Low,Shopkeeper,Officer_4,18609.0,29680.0,90.0,2023-08-25
305,141,5,105818,16,Agriculture,2024-05-14,18,Closed,Customer_141,Male,25,Rural,High,Farmer,Officer_5,36101.0,3867.0,60.0,2024-11-14
306,8,3,61777,18,Business,2024-01-08,6,Active,Customer_8,Male,53,Urban,Low,Shopkeeper,Officer_3,52556.0,46847.0,90.0,2024-11-01
307,183,7,108985,18,Education,2023-06-23,6,Active,Customer_183,Female,46,Rural,High,Shopkeeper,Officer_7,43429.0,40230.0,60.0,2024-10-04
308,112,6,146313,14,Personal,2023-01-13,18,Active,Customer_112,Female,23,Rural,Medium,Tailor,Officer_6,62576.0,75499.0,90.0,2024-02-08
309,68,5,109804,12,Education,2023-12-23,24,Closed,Customer_68,Male,59,Urban,Medium,Shopkeeper,Officer_5,53588.0,52408.0,90.0,2024-11-24
310,193,4,124764,18,Education,2023-04-09,6,Active,Customer_193,Female,58,Urban,High,Driver,Officer_4,24075.0,37210.0,20.0,2024-05-07
311,167,5,125592,18,Agriculture,2023-06-07,18,Closed,Customer_167,Male,46,Rural,Medium,Driver,Officer_5,81486.0,56191.0,60.0,2024-11-10
312,5,8,58446,16,Personal,2024-01-11,12,Active,Customer_5,Male,51,Urban,Low,Teacher,Officer_8,74903.0,83429.0,90.0,2024-11-12
313,104,3,68558,18,Business,2024-01-12,6,Default,Customer_104,Female,41,Urban,Medium,Driver,Officer_3,74834.0,57244.0,90.0,2023-11-22
314,123,9,22078,14,Education,2024-01-11,12,Closed,Customer_123,Male,57,Rural,Low,Shopkeeper,Officer_9,43596.0,47383.0,35.0,2024-10-14
315,142,9,182811,18,Education,2024-07-13,12,Default,Customer_142,Female,21,Rural,High,Tailor,Officer_9,50345.0,49635.0,90.0,2024-08-26
316,96,5,194563,18,Personal,2023-03-28,24,Active,Customer_96,Female,36,Rural,High,Farmer,Officer_5,82531.0,61908.0,60.0,2024-11-26
317,55,9,104067,16,Business,2023-05-20,12,Active,Customer_55,Male,38,Rural,High,Teacher,Officer_9,33975.0,45478.0,90.0,2024-11-04
318,72,7,84356,12,Business,2023-03-13,24,Active,Customer_72,Male,31,Urban,Low,Driver,Officer_7,37938.0,28193.0,35.0,2024-04-13
319,165,10,112508,12,Education,2023-06-05,6,Active,Customer_165,Female,44,Urban,High,Shopkeeper,Officer_10,21191.0,19218.0,20.0,2023-11-08
320,30,2,24688,18,Agriculture,2023-10-09,18,Closed,Customer_30,Female,39,Urban,High,Shopkeeper,Officer_2,37056.0,41395.0,90.0,2023-06-18
321,109,7,158575,12,Agriculture,2024-06-15,12,Active,Customer_109,Male,55,Rural,High,Tailor,Officer_7,24064.0,2724.0,10.0,2023-09-23
322,184,8,194257,18,Education,2023-07-30,18,Active,Customer_184,Male,31,Rural,High,Farmer,Officer_8,38934.0,42723.0,20.0,2024-11-11
323,176,4,167282,18,Business,2024-03-15,12,Closed,Customer_176,Female,58,Rural,Low,Shopkeeper,Officer_4,61760.0,66163.0,90.0,2024-11-23
324,82,10,84360,14,Education,2023-01-18,12,Closed,Customer_82,Male,46,Rural,Low,Farmer,Officer_10,11535.0,16002.0,5.0,2024-08-15
325,38,8,105054,14,Education,2023-07-19,24,Active,Customer_38,Male,58,Urban,Medium,Teacher,Officer_8,58438.0,48514.0,20.0,2024-07-09
326,122,5,171683,16,Personal,2024-02-11,6,Active,Customer_122,Male,28,Rural,High,Shopkeeper,Officer_5,23991.0,31748.0,10.0,2024-10-23
327,43,9,153379,14,Education,2023-08-16,24,Active,Customer_43,Female,60,Rural,Medium,Farmer,Officer_9,71764.0,67880.0,35.0,2024-07-14
328,84,5,11031,14,Business,2024-04-29,6,Closed,Customer_84,Male,48,Urban,Low,Tailor,Officer_5,,,,
329,63,2,93315,18,Education,2023-06-16,18,Active,Customer_63,Female,46,Rural,Medium,Driver,Officer_2,2451.0,17032.0,20.0,2024-10-10
330,136,3,72804,12,Personal,2024-06-24,6,Active,Customer_136,Male,48,Urban,Low,Tailor,Officer_3,24064.0,38334.0,90.0,2023-11-29
331,198,6,90196,16,Agriculture,2024-01-18,24,Active,Customer_198,Male,36,Urban,High,Shopkeeper,Officer_6,35006.0,50942.0,10.0,2024-10-04
332,121,6,74669,16,Agriculture,2023-05-28,24,Closed,Customer_121,Male,44,Rural,Medium,Driver,Officer_6,75817.0,63397.0,90.0,2024-08-09
333,149,9,95546,18,Education,2023-07-07,6,Closed,Customer_149,Female,60,Rural,Low,Driver,Officer_9,54800.0,72627.0,60.0,2024-06-16
334,171,5,153360,12,Agriculture,2023-05-30,6,Active,Customer_171,Male,40,Rural,Medium,Teacher,Officer_5,25998.0,26338.0,35.0,2024-10-07
335,48,10,99447,12,Business,2023-04-03,12,Closed,Customer_48,Female,59,Rural,Low,Farmer,Officer_10,55896.0,70538.0,60.0,2024-09-27
336,21,4,86287,14,Personal,2023-10-30,12,Active,Customer_21,Female,48,Rural,High,Farmer,Officer_4,24509.0,18439.0,10.0,2024-05-28
337,35,9,188649,14,Personal,2024-05-13,24,Closed,Customer_35,Male,56,Urban,Medium,Farmer,Officer_9,22234.0,32153.0,35.0,2024-08-18
338,104,3,169307,16,Agriculture,2023-02-19,6,Active,Customer_104,Female,41,Urban,Medium,Driver,Officer_3,58237.0,26154.0,20.0,2024-04-07
339,70,3,39001,16,Personal,2024-06-30,18,Active,Customer_70,Female,59,Urban,Low,Tailor,Officer_3,15786.0,16493.0,60.0,2024-03-19
340,188,10,173006,14,Agriculture,2023-11-10,12,Closed,Customer_188,Female,41,Rural,Low,Teacher,Officer_10,41192.0,51322.0,60.0,2024-04-13
341,83,2,182924,12,Personal,2023-11-16,18,Closed,Customer_83,Male,59,Urban,Medium,Farmer,Officer_2,26247.0,15832.0,20.0,2024-07-30
342,196,6,121657,14,Agriculture,2023-04-27,6,Active,Customer_196,Male,22,Urban,Low,Teacher,Officer_6,27896.0,39674.0,90.0,2024-09-26
343,175,1,188675,16,Agriculture,2023-08-28,12,Default,Customer_175,Male,55,Urban,High,Driver,Officer_1,7098.0,28160.0,60.0,2024-07-17
344,180,10,194988,18,Agriculture,2023-08-12,12,Closed,Customer_180,Male,42,Urban,High,Teacher,Officer_10,28417.0,22002.0,20.0,2024-11-20
345,174,7,90821,12,Agriculture,2023-09-03,24,Active,Customer_174,Female,60,Urban,High,Driver,Officer_7,11884.0,12241.0,20.0,2024-10-01
346,187,8,66719,12,Education,2023-10-01,24,Active,Customer_187,Male,38,Urban,Low,Tailor,Officer_8,43697.0,38497.0,5.0,2024-10-19
347,6,10,92431,14,Agriculture,2023-12-30,18,Active,Customer_6,Male,46,Rural,Medium,Shopkeeper,Officer_10,16502.0,15229.0,0.0,2024-11-24
348,98,5,190395,18,Business,2023-11-19,6,Active,Customer_98,Male,25,Rural,High,Farmer,Officer_5,37096.0,52476.0,90.0,2024-09-20
349,73,6,54565,12,Personal,2023-10-11,6,Active,Customer_73,Male,57,Urban,Low,Shopkeeper,Officer_6,57165.0,78304.0,90.0,2024-06-16
350,15,7,21061,18,Business,2023-10-13,12,Closed,Customer_15,Female,53,Urban,Low,Shopkeeper,Officer_7,35867.0,17207.0,90.0,2024-11-16
351,135,2,147179,14,Education,2023-03-25,18,Closed,Customer_135,Male,31,Urban,High,Driver,Officer_2,44105.0,34338.0,90.0,2024-11-14
352,92,10,191004,18,Education,2023-09-14,12,Closed,Customer_92,Male,44,Urban,High,Driver,Officer_10,,,,
353,94,3,26865,12,Personal,2024-01-26,6,Active,Customer_94,Female,33,Urban,Medium,Shopkeeper,Officer_3,48012.0,40966.0,60.0,2024-05-19
354,53,2,69976,14,Education,2023-03-30,18,Active,Customer_53,Female,20,Rural,Medium,Farmer,Officer_2,24600.0,8921.0,10.0,2024-06-11
355,182,8,123540,16,Personal,2023-12-26,12,Active,Customer_182,Female,37,Rural,Low,Teacher,Officer_8,68857.0,60664.0,90.0,2024-06-30
356,16,8,177487,16,Education,2023-03-07,6,Default,Customer_16,Male,48,Urban,Medium,Tailor,Officer_8,10869.0,24230.0,10.0,2024-06-17
357,170,3,167817,12,Agriculture,2024-01-05,24,Active,Customer_170,Female,30,Urban,Medium,Teacher,Officer_3,43794.0,20625.0,90.0,2024-11-20
358,28,8,140490,16,Education,2024-02-26,18,Closed,Customer_28,Female,38,Urban,High,Teacher,Officer_8,4217.0,2996.0,20.0,2024-08-11
359,181,3,36595,18,Business,2023-10-07,6,Active,Customer_181,Female,57,Rural,Medium,Farmer,Officer_3,110906.0,89005.0,90.0,2024-07-30
360,191,9,141188,14,Personal,2023-05-09,6,Active,Customer_191,Female,28,Urban,High,Teacher,Officer_9,48586.0,63569.0,35.0,2024-10-03
361,16,6,19159,14,Education,2024-03-08,6,Closed,Customer_16,Male,48,Urban,Medium,Tailor,Officer_6,56791.0,86145.0,35.0,2024-12-01
362,142,9,156494,18,Education,2024-04-06,18,Closed,Customer_142,Female,21,Rural,High,Tailor,Officer_9,56115.0,49607.0,90.0,2024-08-08
363,101,8,66805,14,Agriculture,2023-12-23,24,Closed,Customer_101,Female,25,Urban,High,Teacher,Officer_8,52581.0,49353.0,60.0,2024-03-28
364,120,2,188608,18,Personal,2023-07-27,24,Closed,Customer_120,Male,54,Rural,High,Tailor,Officer_2,59169.0,46695.0,90.0,2024-11-18
365,36,7,161184,18,Education,2023-08-07,18,Active,Customer_36,Female,43,Rural,High,Teacher,Officer_7,48469.0,51218.0,20.0,2024-10-03
366,68,1,158734,18,Business,2024-02-04,6,Active,Customer_68,Male,59,Urban,Medium,Shopkeeper,Officer_1,39892.0,45889.0,90.0,2024-10-06
367,141,9,164230,12,Agriculture,2024-06-08,24,Closed,Customer_141,Male,25,Rural,High,Farmer,Officer_9,28390.0,28098.0,60.0,2024-04-20
368,57,7,101554,14,Education,2023-04-21,18,Active,Customer_57,Male,25,Rural,Low,Farmer,Officer_7,55425.0,52146.0,60.0,2024-11-06
369,71,8,159966,16,Personal,2023-05-13,6,Default,Customer_71,Female,21,Urban,Medium,Shopkeeper,Officer_8,53193.0,35936.0,60.0,2024-01-19
370,163,3,36506,12,Personal,2024-08-16,24,Active,Customer_163,Male,46,Rural,Low,Tailor,Officer_3,71230.0,67608.0,20.0,2024-11-07
371,4,2,197916,18,Business,2023-05-02,24,Active,Customer_4,Male,23,Urban,High,Shopkeeper,Officer_2,19599.0,17797.0,90.0,2024-03-14
372,148,1,194984,14,Business,2023-03-30,18,Closed,Customer_148,Female,57,Urban,Low,Farmer,Officer_1,35424.0,42079.0,10.0,2024-07-30
373,36,7,124708,12,Business,2023-12-29,12,Active,Customer_36,Female,43,Rural,High,Teacher,Officer_7,17546.0,10950.0,20.0,2024-07-31
374,71,2,194475,16,Personal,2023-06-24,6,Closed,Customer_71,Female,21,Urban,Medium,Shopkeeper,Officer_2,18340.0,23594.0,20.0,2024-05-07
375,40,6,41287,16,Agriculture,2023-02-18,12,Active,Customer_40,Male,23,Urban,High,Farmer,Officer_6,8504.0,5732.0,0.0,2024-02-20
376,190,8,40597,14,Personal,2023-03-01,18,Closed,Customer_190,Male,60,Urban,Low,Teacher,Officer_8,18207.0,19334.0,35.0,2024-11-17
377,190,6,37477,14,Education,2024-08-06,24,Active,Customer_190,Male,60,Urban,Low,Teacher,Officer_6,15538.0,8046.0,90.0,2024-07-29
378,55,9,110127,14,Business,2024-05-14,18,Active,Customer_55,Male,38,Rural,High,Teacher,Officer_9,35974.0,71235.0,90.0,2024-08-25
379,74,6,134201,18,Education,2023-08-07,6,Active,Customer_74,Male,22,Rural,High,Teacher,Officer_6,40557.0,43443.0,90.0,2024-05-21
380,44,4,14325,18,Education,2024-05-13,24,Default,Customer_44,Male,32,Urban,Medium,Tailor,Officer_4,18919.0,13873.0,5.0,2023-06-01
381,145,10,125016,16,Personal,2024-08-03,18,Active,Customer_145,Female,37,Urban,Low,Shopkeeper,Officer_10,31306.0,32701.0,90.0,2024-11-24
382,76,5,107262,12,Education,2023-09-11,6,Active,Customer_76,Male,58,Urban,Medium,Driver,Officer_5,34354.0,37801.0,60.0,2024-09-21
383,38,10,40080,14,Agriculture,2023-04-23,18,Closed,Customer_38,Male,58,Urban,Medium,Teacher,Officer_10,25844.0,11633.0,20.0,2024-12-01
384,146,4,35137,16,Business,2023-03-09,24,Active,Customer_146,Male,57,Rural,High,Tailor,Officer_4,55942.0,46233.0,60.0,2024-11-24
385,79,8,52734,16,Education,2023-09-09,12,Active,Customer_79,Female,40,Rural,Medium,Teacher,Officer_8,19551.0,17781.0,0.0,2024-06-18
386,61,4,72058,14,Personal,2024-02-05,18,Active,Customer_61,Male,52,Rural,Medium,Tailor,Officer_4,31671.0,13050.0,90.0,2024-09-20
387,152,8,40915,16,Education,2024-03-26,24,Closed,Customer_152,Male,45,Urban,High,Teacher,Officer_8,84985.0,74064.0,90.0,2024-07-31
388,55,2,190654,18,Agriculture,2023-09-13,12,Active,Customer_55,Male,38,Rural,High,Teacher,Officer_2,15830.0,4489.0,0.0,2024-08-28
389,47,1,37377,16,Agriculture,2024-07-21,24,Active,Customer_47,Male,41,Urban,Medium,Driver,Officer_1,65200.0,81166.0,60.0,2024-11-18
390,71,7,186586,16,Business,2023-11-13,18,Closed,Customer_71,Female,21,Urban,Medium,Shopkeeper,Officer_7,23795.0,12276.0,90.0,2023-07-20
391,185,8,41781,14,Personal,2023-04-13,6,Active,Customer_185,Female,24,Urban,High,Shopkeeper,Officer_8,102291.0,100245.0,90.0,2024-11-23
392,41,8,175070,14,Education,2024-02-27,24,Active,Customer_41,Male,58,Urban,Low,Teacher,Officer_8,31319.0,27292.0,35.0,2024-05-20
393,81,4,137403,12,Personal,2024-01-30,24,Active,Customer_81,Male,60,Urban,Low,Tailor,Officer_4,79871.0,64648.0,90.0,2024-10-13
394,85,10,63790,14,Personal,2023-06-08,12,Closed,Customer_85,Female,33,Urban,Low,Farmer,Officer_10,13183.0,41120.0,35.0,2024-03-13
395,84,9,90640,14,Agriculture,2023-01-20,18,Closed,Customer_84,Male,48,Urban,Low,Tailor,Officer_9,54976.0,71581.0,20.0,2024-03-11
396,33,6,196906,16,Personal,2024-06-19,24,Active,Customer_33,Female,55,Rural,High,Teacher,Officer_6,55508.0,55785.0,35.0,2024-07-03
397,152,7,58833,16,Education,2023-01-12,6,Default,Customer_152,Male,45,Urban,High,Teacher,Officer_7,5402.0,9029.0,90.0,2024-07-06
398,94,7,140181,12,Education,2024-04-11,24,Closed,Customer_94,Female,33,Urban,Medium,Shopkeeper,Officer_7,44677.0,46650.0,60.0,2024-11-05
399,128,9,18660,12,Agriculture,2023-05-03,6,Closed,Customer_128,Male,35,Urban,Medium,Shopkeeper,Officer_9,67274.0,56425.0,60.0,2024-08-31
400,30,7,197186,14,Agriculture,2023-08-24,24,Active,Customer_30,Female,39,Urban,High,Shopkeeper,Officer_7,88616.0,78138.0,60.0,2024-11-15
